recorddate,dam,rainfall_mm,inflow_ML_d
2017-01-01,Maroondah,1,129
2017-01-02,Maroondah,0,151
2017-01-03,Maroondah,0,132
2017-01-04,Maroondah,0,133
2017-01-05,Maroondah,0,128
2017-01-06,Maroondah,0,120
2017-01-07,Maroondah,0,114
2017-01-08,Maroondah,0,107
2017-01-09,Maroondah,0,97
2017-01-10,Maroondah,0,98
2017-01-11,Maroondah,0,105
2017-01-12,Maroondah,1,115
2017-01-13,Maroondah,7,187
2017-01-14,Maroondah,0,103
2017-01-15,Maroondah,0,83
2017-01-16,Maroondah,0,115
2017-01-17,Maroondah,0,114
2017-01-18,Maroondah,0,98
2017-01-19,Maroondah,19,210
2017-01-20,Maroondah,2,152
2017-01-21,Maroondah,0,115
2017-01-22,Maroondah,0,116
2017-01-23,Maroondah,2,116
2017-01-24,Maroondah,0,115
2017-01-25,Maroondah,0,104
2017-01-26,Maroondah,0,99
2017-01-27,Maroondah,0,97
2017-01-28,Maroondah,0,97
2017-01-29,Maroondah,0,106
2017-01-30,Maroondah,6,147
2017-01-31,Maroondah,0,120
2017-02-01,Maroondah,0,97
2017-02-02,Maroondah,0,81
2017-02-03,Maroondah,0,65
2017-02-04,Maroondah,2,64
2017-02-05,Maroondah,38,310
2017-02-06,Maroondah,0,168
2017-02-07,Maroondah,0,122
2017-02-08,Maroondah,0,96
2017-02-09,Maroondah,0,96
2017-02-10,Maroondah,0,51
2017-02-11,Maroondah,3,107
2017-02-12,Maroondah,1,100
2017-02-13,Maroondah,0,53
2017-02-14,Maroondah,0,109
2017-02-15,Maroondah,0,85
2017-02-16,Maroondah,0,57
2017-02-17,Maroondah,0,73
2017-02-18,Maroondah,0,58
2017-02-19,Maroondah,14,192
2017-02-20,Maroondah,0,192
2017-02-21,Maroondah,0,141
2017-02-22,Maroondah,0,125
2017-02-23,Maroondah,0,108
2017-02-24,Maroondah,0,89
2017-02-25,Maroondah,0,83
2017-02-26,Maroondah,0,80
2017-02-27,Maroondah,0,75
2017-02-28,Maroondah,0,58
2017-03-01,Maroondah,0,49
2017-03-02,Maroondah,0,47
2017-03-03,Maroondah,0,46
2017-03-04,Maroondah,0,47
2017-03-05,Maroondah,0,44
2017-03-06,Maroondah,0,45
2017-03-07,Maroondah,0,36
2017-03-08,Maroondah,0,41
2017-03-09,Maroondah,0,42
2017-03-10,Maroondah,0,42
2017-03-11,Maroondah,0,43
2017-03-12,Maroondah,0,44
2017-03-13,Maroondah,0,28
2017-03-14,Maroondah,0,30
2017-03-15,Maroondah,3,217
2017-03-16,Maroondah,0,179
2017-03-17,Maroondah,0,113
2017-03-18,Maroondah,0,113
2017-03-19,Maroondah,8,163
2017-03-20,Maroondah,8,140
2017-03-21,Maroondah,2,136
2017-03-22,Maroondah,0,100
2017-03-23,Maroondah,0,48
2017-03-24,Maroondah,0,56
2017-03-25,Maroondah,0,61
2017-03-26,Maroondah,0,68
2017-03-27,Maroondah,14,170
2017-03-28,Maroondah,0,53
2017-03-29,Maroondah,13,170
2017-03-30,Maroondah,4,129
2017-03-31,Maroondah,0,92
2017-04-01,Maroondah,0,54
2017-04-02,Maroondah,0,98
2017-04-03,Maroondah,0,109
2017-04-04,Maroondah,0,61
2017-04-05,Maroondah,0,58
2017-04-06,Maroondah,0,48
2017-04-07,Maroondah,0,44
2017-04-08,Maroondah,19,124
2017-04-09,Maroondah,21,272
2017-04-10,Maroondah,7,142
2017-04-11,Maroondah,0,141
2017-04-12,Maroondah,0,82
2017-04-13,Maroondah,0,84
2017-04-14,Maroondah,0,69
2017-04-15,Maroondah,0,70
2017-04-16,Maroondah,0,43
2017-04-17,Maroondah,0,53
2017-04-18,Maroondah,0,52
2017-04-19,Maroondah,0,52
2017-04-20,Maroondah,3,67
2017-04-21,Maroondah,6,151
2017-04-22,Maroondah,0,110
2017-04-23,Maroondah,0,84
2017-04-24,Maroondah,33,207
2017-04-25,Maroondah,8,303
2017-04-26,Maroondah,9,276
2017-04-27,Maroondah,6,252
2017-04-28,Maroondah,5,166
2017-04-29,Maroondah,0,139
2017-04-30,Maroondah,0,103
2017-05-01,Maroondah,5,131
2017-05-02,Maroondah,2,117
2017-05-03,Maroondah,0,88
2017-05-04,Maroondah,0,91
2017-05-05,Maroondah,0,82
2017-05-06,Maroondah,5,112
2017-05-07,Maroondah,5,147
2017-05-08,Maroondah,1,117
2017-05-09,Maroondah,0,103
2017-05-10,Maroondah,0,103
2017-05-11,Maroondah,0,89
2017-05-12,Maroondah,0,105
2017-05-13,Maroondah,0,83
2017-05-14,Maroondah,0,70
2017-05-15,Maroondah,0,83
2017-05-16,Maroondah,0,75
2017-05-17,Maroondah,0,73
2017-05-18,Maroondah,0,67
2017-05-19,Maroondah,0,65
2017-05-20,Maroondah,0,55
2017-05-21,Maroondah,0,55
2017-05-22,Maroondah,0,63
2017-05-23,Maroondah,0,69
2017-05-24,Maroondah,0,76
2017-05-25,Maroondah,2,103
2017-05-26,Maroondah,0,106
2017-05-27,Maroondah,13,168
2017-05-28,Maroondah,7,165
2017-05-29,Maroondah,1,111
2017-05-30,Maroondah,11,272
2017-05-31,Maroondah,1,173
2017-06-01,Maroondah,0,125
2017-06-02,Maroondah,0,121
2017-06-03,Maroondah,0,120
2017-06-04,Maroondah,0,90
2017-06-05,Maroondah,10,203
2017-06-06,Maroondah,1,224
2017-06-07,Maroondah,0,107
2017-06-08,Maroondah,4,139
2017-06-09,Maroondah,1,110
2017-06-10,Maroondah,0,62
2017-06-11,Maroondah,0,87
2017-06-12,Maroondah,0,179
2017-06-13,Maroondah,0,113
2017-06-14,Maroondah,0,94
2017-06-15,Maroondah,0,79
2017-06-16,Maroondah,0,86
2017-06-17,Maroondah,0,84
2017-06-18,Maroondah,0,66
2017-06-19,Maroondah,0,65
2017-06-20,Maroondah,0,59
2017-06-21,Maroondah,1,108
2017-06-22,Maroondah,0,102
2017-06-23,Maroondah,4,121
2017-06-24,Maroondah,3,121
2017-06-25,Maroondah,2,120
2017-06-26,Maroondah,2,148
2017-06-27,Maroondah,0,133
2017-06-28,Maroondah,2,161
2017-06-29,Maroondah,10,282
2017-06-30,Maroondah,0,173
2017-07-01,Maroondah,0,119
2017-07-02,Maroondah,0,119
2017-07-03,Maroondah,5,135
2017-07-04,Maroondah,6,213
2017-07-05,Maroondah,6,186
2017-07-06,Maroondah,0,186
2017-07-07,Maroondah,0,158
2017-07-08,Maroondah,0,185
2017-07-09,Maroondah,0,131
2017-07-10,Maroondah,2,92
2017-07-11,Maroondah,0,79
2017-07-12,Maroondah,0,62
2017-07-13,Maroondah,1,36
2017-07-14,Maroondah,6,56
2017-07-15,Maroondah,0,44
2017-07-16,Maroondah,0,46
2017-07-17,Maroondah,3,73
2017-07-18,Maroondah,5,125
2017-07-19,Maroondah,19,297
2017-07-20,Maroondah,7,350
2017-07-21,Maroondah,0,345
2017-07-22,Maroondah,0,200
2017-07-23,Maroondah,8,246
2017-07-24,Maroondah,9,180
2017-07-25,Maroondah,1,181
2017-07-26,Maroondah,2,239
2017-07-27,Maroondah,7,258
2017-07-28,Maroondah,0,213
2017-07-29,Maroondah,0,178
2017-07-30,Maroondah,8,243
2017-07-31,Maroondah,0,167
2017-08-01,Maroondah,0,168
2017-08-02,Maroondah,0,182
2017-08-03,Maroondah,9,185
2017-08-04,Maroondah,5,187
2017-08-05,Maroondah,4,232
2017-08-06,Maroondah,9,425
2017-08-07,Maroondah,10,479
2017-08-08,Maroondah,1,398
2017-08-09,Maroondah,1,379
2017-08-10,Maroondah,0,267
2017-08-11,Maroondah,0,253
2017-08-12,Maroondah,1,237
2017-08-13,Maroondah,0,217
2017-08-14,Maroondah,1,272
2017-08-15,Maroondah,3,310
2017-08-16,Maroondah,1,246
2017-08-17,Maroondah,15,326
2017-08-18,Maroondah,16,381
2017-08-19,Maroondah,1,365
2017-08-20,Maroondah,0,239
2017-08-21,Maroondah,0,268
2017-08-22,Maroondah,1,332
2017-08-23,Maroondah,10,314
2017-08-24,Maroondah,1,297
2017-08-25,Maroondah,0,223
2017-08-26,Maroondah,12,285
2017-08-27,Maroondah,1,303
2017-08-28,Maroondah,1,270
2017-08-29,Maroondah,0,168
2017-08-30,Maroondah,2,257
2017-08-31,Maroondah,0,220
2017-09-01,Maroondah,0,218
2017-09-02,Maroondah,2,286
2017-09-03,Maroondah,3,157
2017-09-04,Maroondah,3,220
2017-09-05,Maroondah,8,252
2017-09-06,Maroondah,18,387
2017-09-07,Maroondah,10,388
2017-09-08,Maroondah,5,445
2017-09-09,Maroondah,0,396
2017-09-10,Maroondah,1,329
2017-09-11,Maroondah,2,381
2017-09-12,Maroondah,2,296
2017-09-13,Maroondah,10,500
2017-09-14,Maroondah,3,336
2017-09-15,Maroondah,25,747
2017-09-16,Maroondah,0,836
2017-09-17,Maroondah,0,642
2017-09-18,Maroondah,1,464
2017-09-19,Maroondah,0,467
2017-09-20,Maroondah,0,395
2017-09-21,Maroondah,0,368
2017-09-22,Maroondah,0,339
2017-09-23,Maroondah,0,282
2017-09-24,Maroondah,2,302
2017-09-25,Maroondah,8,400
2017-09-26,Maroondah,0,264
2017-09-27,Maroondah,0,245
2017-09-28,Maroondah,1,245
2017-09-29,Maroondah,1,245
2017-09-30,Maroondah,1,237
2017-10-01,Maroondah,0,245
2017-10-02,Maroondah,0,166
2017-10-03,Maroondah,0,145
2017-10-04,Maroondah,0,166
2017-10-05,Maroondah,11,266
2017-10-06,Maroondah,0,307
2017-10-07,Maroondah,0,266
2017-10-08,Maroondah,4,237
2017-10-09,Maroondah,0,216
2017-10-10,Maroondah,0,163
2017-10-11,Maroondah,22,272
2017-10-12,Maroondah,23,350
2017-10-13,Maroondah,2,311
2017-10-14,Maroondah,0,261
2017-10-15,Maroondah,0,261
2017-10-16,Maroondah,0,243
2017-10-17,Maroondah,0,181
2017-10-18,Maroondah,1,108
2017-10-19,Maroondah,9,134
2017-10-20,Maroondah,0,120
2017-10-21,Maroondah,7,228
2017-10-22,Maroondah,1,233
2017-10-23,Maroondah,0,180
2017-10-24,Maroondah,16,292
2017-10-25,Maroondah,0,240
2017-10-26,Maroondah,0,128
2017-10-27,Maroondah,0,228
2017-10-28,Maroondah,1,182
2017-10-29,Maroondah,7,173
2017-10-30,Maroondah,11,254
2017-10-31,Maroondah,5,230
2017-11-01,Maroondah,0,167
2017-11-02,Maroondah,3,179
2017-11-03,Maroondah,1,180
2017-11-04,Maroondah,0,160
2017-11-05,Maroondah,0,161
2017-11-06,Maroondah,2,162
2017-11-07,Maroondah,0,162
2017-11-08,Maroondah,0,159
2017-11-09,Maroondah,0,155
2017-11-10,Maroondah,0,143
2017-11-11,Maroondah,0,129
2017-11-12,Maroondah,0,129
2017-11-13,Maroondah,0,111
2017-11-14,Maroondah,0,104
2017-11-15,Maroondah,7,169
2017-11-16,Maroondah,3,215
2017-11-17,Maroondah,1,188
2017-11-18,Maroondah,10,189
2017-11-19,Maroondah,9,163
2017-11-20,Maroondah,0,135
2017-11-21,Maroondah,1,109
2017-11-22,Maroondah,0,99
2017-11-23,Maroondah,0,92
2017-11-24,Maroondah,25,184
2017-11-25,Maroondah,1,175
2017-11-26,Maroondah,12,140
2017-11-27,Maroondah,0,123
2017-11-28,Maroondah,0,122
2017-11-29,Maroondah,0,106
2017-11-30,Maroondah,2,247
2017-12-01,Maroondah,71,687
2017-12-02,Maroondah,62,1028
2017-12-03,Maroondah,5,647
2017-12-04,Maroondah,1,388
2017-12-05,Maroondah,0,295
2017-12-06,Maroondah,0,221
2017-12-07,Maroondah,37,471
2017-12-08,Maroondah,0,358
2017-12-09,Maroondah,0,280
2017-12-10,Maroondah,0,205
2017-12-11,Maroondah,0,224
2017-12-12,Maroondah,0,204
2017-12-13,Maroondah,0,208
2017-12-14,Maroondah,0,218
2017-12-15,Maroondah,0,172
2017-12-16,Maroondah,0,145
2017-12-17,Maroondah,0,146
2017-12-18,Maroondah,0,145
2017-12-19,Maroondah,28,305
2017-12-20,Maroondah,0,170
2017-12-21,Maroondah,0,158
2017-12-22,Maroondah,0,137
2017-12-23,Maroondah,0,137
2017-12-24,Maroondah,0,137
2017-12-25,Maroondah,0,139
2017-12-26,Maroondah,0,98
2017-12-27,Maroondah,0,141
2017-12-28,Maroondah,0,123
2017-12-29,Maroondah,28,259
2017-12-30,Maroondah,9,163
2017-12-31,Maroondah,0,125
2017-01-01,O'Shannassy,3,135
2017-01-02,O'Shannassy,0,140
2017-01-03,O'Shannassy,0,135
2017-01-04,O'Shannassy,0,125
2017-01-05,O'Shannassy,0,130
2017-01-06,O'Shannassy,0,122
2017-01-07,O'Shannassy,0,119
2017-01-08,O'Shannassy,0,116
2017-01-09,O'Shannassy,0,125
2017-01-10,O'Shannassy,0,125
2017-01-11,O'Shannassy,0,119
2017-01-12,O'Shannassy,3,122
2017-01-13,O'Shannassy,18,179
2017-01-14,O'Shannassy,0,137
2017-01-15,O'Shannassy,0,122
2017-01-16,O'Shannassy,0,115
2017-01-17,O'Shannassy,2,111
2017-01-18,O'Shannassy,0,108
2017-01-19,O'Shannassy,25,119
2017-01-20,O'Shannassy,7,246
2017-01-21,O'Shannassy,0,120
2017-01-22,O'Shannassy,0,106
2017-01-23,O'Shannassy,3,125
2017-01-24,O'Shannassy,0,91
2017-01-25,O'Shannassy,0,107
2017-01-26,O'Shannassy,0,99
2017-01-27,O'Shannassy,0,104
2017-01-28,O'Shannassy,0,95
2017-01-29,O'Shannassy,0,94
2017-01-30,O'Shannassy,5,101
2017-01-31,O'Shannassy,0,99
2017-02-01,O'Shannassy,0,88
2017-02-02,O'Shannassy,0,83
2017-02-03,O'Shannassy,0,81
2017-02-04,O'Shannassy,4,76
2017-02-05,O'Shannassy,43,197
2017-02-06,O'Shannassy,1,199
2017-02-07,O'Shannassy,0,189
2017-02-08,O'Shannassy,0,93
2017-02-09,O'Shannassy,0,82
2017-02-10,O'Shannassy,0,77
2017-02-11,O'Shannassy,3,78
2017-02-12,O'Shannassy,2,82
2017-02-13,O'Shannassy,2,85
2017-02-14,O'Shannassy,0,84
2017-02-15,O'Shannassy,0,75
2017-02-16,O'Shannassy,0,73
2017-02-17,O'Shannassy,1,66
2017-02-18,O'Shannassy,0,69
2017-02-19,O'Shannassy,24,117
2017-02-20,O'Shannassy,10,215
2017-02-21,O'Shannassy,0,95
2017-02-22,O'Shannassy,0,77
2017-02-23,O'Shannassy,0,74
2017-02-24,O'Shannassy,0,67
2017-02-25,O'Shannassy,0,69
2017-02-26,O'Shannassy,0,70
2017-02-27,O'Shannassy,0,59
2017-02-28,O'Shannassy,0,53
2017-03-01,O'Shannassy,0,93
2017-03-02,O'Shannassy,0,65
2017-03-03,O'Shannassy,0,63
2017-03-04,O'Shannassy,0,63
2017-03-05,O'Shannassy,0,60
2017-03-06,O'Shannassy,0,61
2017-03-07,O'Shannassy,0,59
2017-03-08,O'Shannassy,0,53
2017-03-09,O'Shannassy,0,51
2017-03-10,O'Shannassy,0,47
2017-03-11,O'Shannassy,0,73
2017-03-12,O'Shannassy,1,58
2017-03-13,O'Shannassy,0,57
2017-03-14,O'Shannassy,0,54
2017-03-15,O'Shannassy,0,53
2017-03-16,O'Shannassy,1,58
2017-03-17,O'Shannassy,0,57
2017-03-18,O'Shannassy,0,50
2017-03-19,O'Shannassy,19,73
2017-03-20,O'Shannassy,5,103
2017-03-21,O'Shannassy,3,86
2017-03-22,O'Shannassy,0,79
2017-03-23,O'Shannassy,0,59
2017-03-24,O'Shannassy,0,57
2017-03-25,O'Shannassy,3,58
2017-03-26,O'Shannassy,0,54
2017-03-27,O'Shannassy,18,112
2017-03-28,O'Shannassy,0,77
2017-03-29,O'Shannassy,5,56
2017-03-30,O'Shannassy,3,72
2017-03-31,O'Shannassy,0,65
2017-04-01,O'Shannassy,1,63
2017-04-02,O'Shannassy,0,52
2017-04-03,O'Shannassy,0,55
2017-04-04,O'Shannassy,0,58
2017-04-05,O'Shannassy,0,54
2017-04-06,O'Shannassy,0,45
2017-04-07,O'Shannassy,0,49
2017-04-08,O'Shannassy,17,70
2017-04-09,O'Shannassy,19,234
2017-04-10,O'Shannassy,5,175
2017-04-11,O'Shannassy,0,100
2017-04-12,O'Shannassy,0,89
2017-04-13,O'Shannassy,0,59
2017-04-14,O'Shannassy,0,59
2017-04-15,O'Shannassy,0,69
2017-04-16,O'Shannassy,0,64
2017-04-17,O'Shannassy,0,59
2017-04-18,O'Shannassy,0,59
2017-04-19,O'Shannassy,0,61
2017-04-20,O'Shannassy,3,94
2017-04-21,O'Shannassy,4,89
2017-04-22,O'Shannassy,0,47
2017-04-23,O'Shannassy,0,44
2017-04-24,O'Shannassy,32,102
2017-04-25,O'Shannassy,24,302
2017-04-26,O'Shannassy,8,290
2017-04-27,O'Shannassy,2,172
2017-04-28,O'Shannassy,1,108
2017-04-29,O'Shannassy,0,67
2017-04-30,O'Shannassy,0,97
2017-05-01,O'Shannassy,3,87
2017-05-02,O'Shannassy,2,98
2017-05-03,O'Shannassy,0,86
2017-05-04,O'Shannassy,0,77
2017-05-05,O'Shannassy,0,76
2017-05-06,O'Shannassy,9,85
2017-05-07,O'Shannassy,4,104
2017-05-08,O'Shannassy,2,103
2017-05-09,O'Shannassy,0,94
2017-05-10,O'Shannassy,0,89
2017-05-11,O'Shannassy,0,83
2017-05-12,O'Shannassy,0,71
2017-05-13,O'Shannassy,0,73
2017-05-14,O'Shannassy,0,72
2017-05-15,O'Shannassy,0,70
2017-05-16,O'Shannassy,0,71
2017-05-17,O'Shannassy,0,70
2017-05-18,O'Shannassy,0,68
2017-05-19,O'Shannassy,1,66
2017-05-20,O'Shannassy,0,62
2017-05-21,O'Shannassy,0,68
2017-05-22,O'Shannassy,0,72
2017-05-23,O'Shannassy,1,68
2017-05-24,O'Shannassy,0,75
2017-05-25,O'Shannassy,4,91
2017-05-26,O'Shannassy,0,108
2017-05-27,O'Shannassy,26,104
2017-05-28,O'Shannassy,9,265
2017-05-29,O'Shannassy,4,205
2017-05-30,O'Shannassy,17,176
2017-05-31,O'Shannassy,1,161
2017-06-01,O'Shannassy,0,126
2017-06-02,O'Shannassy,0,106
2017-06-03,O'Shannassy,0,99
2017-06-04,O'Shannassy,0,82
2017-06-05,O'Shannassy,16,194
2017-06-06,O'Shannassy,2,89
2017-06-07,O'Shannassy,0,104
2017-06-08,O'Shannassy,3,104
2017-06-09,O'Shannassy,0,100
2017-06-10,O'Shannassy,0,83
2017-06-11,O'Shannassy,0,79
2017-06-12,O'Shannassy,1,105
2017-06-13,O'Shannassy,0,116
2017-06-14,O'Shannassy,0,131
2017-06-15,O'Shannassy,0,118
2017-06-16,O'Shannassy,0,93
2017-06-17,O'Shannassy,0,83
2017-06-18,O'Shannassy,0,67
2017-06-19,O'Shannassy,0,70
2017-06-20,O'Shannassy,0,62
2017-06-21,O'Shannassy,1,52
2017-06-22,O'Shannassy,0,50
2017-06-23,O'Shannassy,15,89
2017-06-24,O'Shannassy,2,148
2017-06-25,O'Shannassy,4,135
2017-06-26,O'Shannassy,1,124
2017-06-27,O'Shannassy,0,96
2017-06-28,O'Shannassy,1,99
2017-06-29,O'Shannassy,7,127
2017-06-30,O'Shannassy,0,131
2017-07-01,O'Shannassy,0,87
2017-07-02,O'Shannassy,0,90
2017-07-03,O'Shannassy,9,124
2017-07-04,O'Shannassy,17,225
2017-07-05,O'Shannassy,1,261
2017-07-06,O'Shannassy,1,147
2017-07-07,O'Shannassy,0,130
2017-07-08,O'Shannassy,2,133
2017-07-09,O'Shannassy,0,158
2017-07-10,O'Shannassy,6,147
2017-07-11,O'Shannassy,0,165
2017-07-12,O'Shannassy,0,136
2017-07-13,O'Shannassy,3,132
2017-07-14,O'Shannassy,7,149
2017-07-15,O'Shannassy,0,135
2017-07-16,O'Shannassy,0,110
2017-07-17,O'Shannassy,10,159
2017-07-18,O'Shannassy,3,202
2017-07-19,O'Shannassy,19,295
2017-07-20,O'Shannassy,7,260
2017-07-21,O'Shannassy,0,248
2017-07-22,O'Shannassy,0,224
2017-07-23,O'Shannassy,8,230
2017-07-24,O'Shannassy,1,230
2017-07-25,O'Shannassy,6,191
2017-07-26,O'Shannassy,6,218
2017-07-27,O'Shannassy,16,302
2017-07-28,O'Shannassy,0,289
2017-07-29,O'Shannassy,0,216
2017-07-30,O'Shannassy,10,251
2017-07-31,O'Shannassy,0,226
2017-08-01,O'Shannassy,0,190
2017-08-02,O'Shannassy,0,185
2017-08-03,O'Shannassy,7,189
2017-08-04,O'Shannassy,17,205
2017-08-05,O'Shannassy,13,382
2017-08-06,O'Shannassy,18,519
2017-08-07,O'Shannassy,16,506
2017-08-08,O'Shannassy,2,498
2017-08-09,O'Shannassy,0,389
2017-08-10,O'Shannassy,2,333
2017-08-11,O'Shannassy,7,355
2017-08-12,O'Shannassy,3,320
2017-08-13,O'Shannassy,0,290
2017-08-14,O'Shannassy,4,294
2017-08-15,O'Shannassy,38,605
2017-08-16,O'Shannassy,12,413
2017-08-17,O'Shannassy,26,534
2017-08-18,O'Shannassy,21,564
2017-08-19,O'Shannassy,1,457
2017-08-20,O'Shannassy,0,400
2017-08-21,O'Shannassy,2,462
2017-08-22,O'Shannassy,0,386
2017-08-23,O'Shannassy,12,506
2017-08-24,O'Shannassy,5,384
2017-08-25,O'Shannassy,0,351
2017-08-26,O'Shannassy,22,538
2017-08-27,O'Shannassy,1,371
2017-08-28,O'Shannassy,0,353
2017-08-29,O'Shannassy,0,332
2017-08-30,O'Shannassy,1,330
2017-08-31,O'Shannassy,0,323
2017-09-01,O'Shannassy,0,318
2017-09-02,O'Shannassy,2,300
2017-09-03,O'Shannassy,19,319
2017-09-04,O'Shannassy,12,392
2017-09-05,O'Shannassy,25,442
2017-09-06,O'Shannassy,15,583
2017-09-07,O'Shannassy,26,820
2017-09-08,O'Shannassy,4,530
2017-09-09,O'Shannassy,0,520
2017-09-10,O'Shannassy,0,500
2017-09-11,O'Shannassy,7,534
2017-09-12,O'Shannassy,5,458
2017-09-13,O'Shannassy,16,630
2017-09-14,O'Shannassy,14,761
2017-09-15,O'Shannassy,36,1659
2017-09-16,O'Shannassy,1,805
2017-09-17,O'Shannassy,0,810
2017-09-18,O'Shannassy,7,732
2017-09-19,O'Shannassy,1,677
2017-09-20,O'Shannassy,0,603
2017-09-21,O'Shannassy,0,563
2017-09-22,O'Shannassy,0,527
2017-09-23,O'Shannassy,0,517
2017-09-24,O'Shannassy,6,469
2017-09-25,O'Shannassy,6,477
2017-09-26,O'Shannassy,0,421
2017-09-27,O'Shannassy,0,412
2017-09-28,O'Shannassy,0,385
2017-09-29,O'Shannassy,6,390
2017-09-30,O'Shannassy,1,378
2017-10-01,O'Shannassy,0,344
2017-10-02,O'Shannassy,0,331
2017-10-03,O'Shannassy,0,316
2017-10-04,O'Shannassy,0,321
2017-10-05,O'Shannassy,11,333
2017-10-06,O'Shannassy,0,378
2017-10-07,O'Shannassy,0,302
2017-10-08,O'Shannassy,10,284
2017-10-09,O'Shannassy,0,336
2017-10-10,O'Shannassy,0,277
2017-10-11,O'Shannassy,22,434
2017-10-12,O'Shannassy,0,299
2017-10-13,O'Shannassy,1,300
2017-10-14,O'Shannassy,0,286
2017-10-15,O'Shannassy,0,259
2017-10-16,O'Shannassy,0,256
2017-10-17,O'Shannassy,0,268
2017-10-18,O'Shannassy,0,251
2017-10-19,O'Shannassy,10,308
2017-10-20,O'Shannassy,0,253
2017-10-21,O'Shannassy,1,243
2017-10-22,O'Shannassy,0,199
2017-10-23,O'Shannassy,0,274
2017-10-24,O'Shannassy,11,241
2017-10-25,O'Shannassy,0,164
2017-10-26,O'Shannassy,0,145
2017-10-27,O'Shannassy,3,402
2017-10-28,O'Shannassy,3,204
2017-10-29,O'Shannassy,8,250
2017-10-30,O'Shannassy,11,254
2017-10-31,O'Shannassy,4,264
2017-11-01,O'Shannassy,7,214
2017-11-02,O'Shannassy,4,217
2017-11-03,O'Shannassy,2,208
2017-11-04,O'Shannassy,0,196
2017-11-05,O'Shannassy,0,188
2017-11-06,O'Shannassy,1,191
2017-11-07,O'Shannassy,0,187
2017-11-08,O'Shannassy,0,183
2017-11-09,O'Shannassy,0,170
2017-11-10,O'Shannassy,0,168
2017-11-11,O'Shannassy,0,168
2017-11-12,O'Shannassy,0,164
2017-11-13,O'Shannassy,0,170
2017-11-14,O'Shannassy,0,161
2017-11-15,O'Shannassy,2,173
2017-11-16,O'Shannassy,6,171
2017-11-17,O'Shannassy,2,173
2017-11-18,O'Shannassy,13,197
2017-11-19,O'Shannassy,0,170
2017-11-20,O'Shannassy,0,153
2017-11-21,O'Shannassy,0,150
2017-11-22,O'Shannassy,0,141
2017-11-23,O'Shannassy,0,138
2017-11-24,O'Shannassy,12,156
2017-11-25,O'Shannassy,4,141
2017-11-26,O'Shannassy,2,161
2017-11-27,O'Shannassy,0,149
2017-11-28,O'Shannassy,0,129
2017-11-29,O'Shannassy,0,83
2017-11-30,O'Shannassy,4,129
2017-12-01,O'Shannassy,75,1113
2017-12-02,O'Shannassy,31,615
2017-12-03,O'Shannassy,11,373
2017-12-04,O'Shannassy,0,400
2017-12-05,O'Shannassy,0,215
2017-12-06,O'Shannassy,0,215
2017-12-07,O'Shannassy,19,332
2017-12-08,O'Shannassy,1,234
2017-12-09,O'Shannassy,0,223
2017-12-10,O'Shannassy,0,195
2017-12-11,O'Shannassy,0,190
2017-12-12,O'Shannassy,0,179
2017-12-13,O'Shannassy,0,198
2017-12-14,O'Shannassy,0,122
2017-12-15,O'Shannassy,0,187
2017-12-16,O'Shannassy,0,186
2017-12-17,O'Shannassy,0,134
2017-12-18,O'Shannassy,0,146
2017-12-19,O'Shannassy,21,168
2017-12-20,O'Shannassy,1,166
2017-12-21,O'Shannassy,0,163
2017-12-22,O'Shannassy,0,135
2017-12-23,O'Shannassy,1,92
2017-12-24,O'Shannassy,0,91
2017-12-25,O'Shannassy,0,83
2017-12-26,O'Shannassy,0,284
2017-12-27,O'Shannassy,0,130
2017-12-28,O'Shannassy,1,134
2017-12-29,O'Shannassy,19,253
2017-12-30,O'Shannassy,2,177
2017-12-31,O'Shannassy,0,171
2017-01-01,Thomson,0,151
2017-01-02,Thomson,0,146
2017-01-03,Thomson,0,146
2017-01-04,Thomson,0,143
2017-01-05,Thomson,0,114
2017-01-06,Thomson,0,101
2017-01-07,Thomson,0,89
2017-01-08,Thomson,0,82
2017-01-09,Thomson,0,82
2017-01-10,Thomson,0,93
2017-01-11,Thomson,0,100
2017-01-12,Thomson,0,92
2017-01-13,Thomson,4,295
2017-01-14,Thomson,0,133
2017-01-15,Thomson,0,86
2017-01-16,Thomson,0,35
2017-01-17,Thomson,0,31
2017-01-18,Thomson,0,70
2017-01-19,Thomson,11,436
2017-01-20,Thomson,4,89
2017-01-21,Thomson,0,146
2017-01-22,Thomson,0,182
2017-01-23,Thomson,1,101
2017-01-24,Thomson,0,120
2017-01-25,Thomson,0,84
2017-01-26,Thomson,0,82
2017-01-27,Thomson,0,53
2017-01-28,Thomson,0,39
2017-01-29,Thomson,0,27
2017-01-30,Thomson,0,24
2017-01-31,Thomson,0,22
2017-02-01,Thomson,0,27
2017-02-02,Thomson,0,14
2017-02-03,Thomson,0,3
2017-02-04,Thomson,1,91
2017-02-05,Thomson,17,364
2017-02-06,Thomson,2,257
2017-02-07,Thomson,1,268
2017-02-08,Thomson,0,106
2017-02-09,Thomson,0,115
2017-02-10,Thomson,0,95
2017-02-11,Thomson,1,122
2017-02-12,Thomson,3,156
2017-02-13,Thomson,1,85
2017-02-14,Thomson,0,32
2017-02-15,Thomson,0,32
2017-02-16,Thomson,0,21
2017-02-17,Thomson,0,18
2017-02-18,Thomson,0,12
2017-02-19,Thomson,10,82
2017-02-20,Thomson,4,364
2017-02-21,Thomson,0,120
2017-02-22,Thomson,0,87
2017-02-23,Thomson,0,64
2017-02-24,Thomson,0,88
2017-02-25,Thomson,2,71
2017-02-26,Thomson,0,140
2017-02-27,Thomson,0,75
2017-02-28,Thomson,0,61
2017-03-01,Thomson,0,33
2017-03-02,Thomson,0,34
2017-03-03,Thomson,0,32
2017-03-04,Thomson,0,26
2017-03-05,Thomson,0,24
2017-03-06,Thomson,0,28
2017-03-07,Thomson,0,35
2017-03-08,Thomson,0,36
2017-03-09,Thomson,0,39
2017-03-10,Thomson,0,38
2017-03-11,Thomson,3,85
2017-03-12,Thomson,0,68
2017-03-13,Thomson,0,50
2017-03-14,Thomson,0,39
2017-03-15,Thomson,0,37
2017-03-16,Thomson,0,38
2017-03-17,Thomson,0,33
2017-03-18,Thomson,0,34
2017-03-19,Thomson,2,71
2017-03-20,Thomson,5,293
2017-03-21,Thomson,10,395
2017-03-22,Thomson,9,387
2017-03-23,Thomson,4,167
2017-03-24,Thomson,0,221
2017-03-25,Thomson,0,88
2017-03-26,Thomson,0,122
2017-03-27,Thomson,12,279
2017-03-28,Thomson,0,145
2017-03-29,Thomson,1,108
2017-03-30,Thomson,1,113
2017-03-31,Thomson,0,82
2017-04-01,Thomson,1,50
2017-04-02,Thomson,0,41
2017-04-03,Thomson,0,24
2017-04-04,Thomson,0,24
2017-04-05,Thomson,0,24
2017-04-06,Thomson,0,26
2017-04-07,Thomson,0,24
2017-04-08,Thomson,13,484
2017-04-09,Thomson,10,336
2017-04-10,Thomson,1,572
2017-04-11,Thomson,0,292
2017-04-12,Thomson,0,208
2017-04-13,Thomson,0,183
2017-04-14,Thomson,0,151
2017-04-15,Thomson,0,91
2017-04-16,Thomson,0,57
2017-04-17,Thomson,0,25
2017-04-18,Thomson,0,63
2017-04-19,Thomson,0,56
2017-04-20,Thomson,2,167
2017-04-21,Thomson,4,222
2017-04-22,Thomson,1,109
2017-04-23,Thomson,0,146
2017-04-24,Thomson,15,412
2017-04-25,Thomson,6,491
2017-04-26,Thomson,6,568
2017-04-27,Thomson,0,256
2017-04-28,Thomson,0,242
2017-04-29,Thomson,0,204
2017-04-30,Thomson,0,187
2017-05-01,Thomson,1,155
2017-05-02,Thomson,6,263
2017-05-03,Thomson,0,138
2017-05-04,Thomson,0,190
2017-05-05,Thomson,0,157
2017-05-06,Thomson,7,159
2017-05-07,Thomson,4,261
2017-05-08,Thomson,0,197
2017-05-09,Thomson,0,174
2017-05-10,Thomson,0,167
2017-05-11,Thomson,0,149
2017-05-12,Thomson,0,147
2017-05-13,Thomson,0,121
2017-05-14,Thomson,0,105
2017-05-15,Thomson,1,172
2017-05-16,Thomson,0,209
2017-05-17,Thomson,0,146
2017-05-18,Thomson,0,104
2017-05-19,Thomson,2,170
2017-05-20,Thomson,0,167
2017-05-21,Thomson,0,91
2017-05-22,Thomson,0,54
2017-05-23,Thomson,0,183
2017-05-24,Thomson,0,137
2017-05-25,Thomson,1,131
2017-05-26,Thomson,0,81
2017-05-27,Thomson,12,281
2017-05-28,Thomson,4,522
2017-05-29,Thomson,0,291
2017-05-30,Thomson,7,305
2017-05-31,Thomson,0,247
2017-06-01,Thomson,0,246
2017-06-02,Thomson,0,215
2017-06-03,Thomson,0,229
2017-06-04,Thomson,0,171
2017-06-05,Thomson,13,300
2017-06-06,Thomson,1,402
2017-06-07,Thomson,0,271
2017-06-08,Thomson,0,247
2017-06-09,Thomson,0,226
2017-06-10,Thomson,0,211
2017-06-11,Thomson,0,190
2017-06-12,Thomson,0,110
2017-06-13,Thomson,0,226
2017-06-14,Thomson,0,145
2017-06-15,Thomson,0,162
2017-06-16,Thomson,0,192
2017-06-17,Thomson,0,213
2017-06-18,Thomson,0,126
2017-06-19,Thomson,0,132
2017-06-20,Thomson,0,115
2017-06-21,Thomson,1,129
2017-06-22,Thomson,0,128
2017-06-23,Thomson,8,304
2017-06-24,Thomson,0,183
2017-06-25,Thomson,1,116
2017-06-26,Thomson,0,110
2017-06-27,Thomson,0,167
2017-06-28,Thomson,0,184
2017-06-29,Thomson,9,252
2017-06-30,Thomson,0,216
2017-07-01,Thomson,0,176
2017-07-02,Thomson,0,79
2017-07-03,Thomson,2,280
2017-07-04,Thomson,3,150
2017-07-05,Thomson,1,507
2017-07-06,Thomson,0,276
2017-07-07,Thomson,0,160
2017-07-08,Thomson,1,345
2017-07-09,Thomson,0,117
2017-07-10,Thomson,3,152
2017-07-11,Thomson,0,260
2017-07-12,Thomson,0,298
2017-07-13,Thomson,0,199
2017-07-14,Thomson,2,135
2017-07-15,Thomson,0,252
2017-07-16,Thomson,0,90
2017-07-17,Thomson,2,186
2017-07-18,Thomson,1,205
2017-07-19,Thomson,13,798
2017-07-20,Thomson,9,768
2017-07-21,Thomson,0,576
2017-07-22,Thomson,0,223
2017-07-23,Thomson,4,330
2017-07-24,Thomson,0,394
2017-07-25,Thomson,2,522
2017-07-26,Thomson,10,464
2017-07-27,Thomson,7,628
2017-07-28,Thomson,1,746
2017-07-29,Thomson,0,437
2017-07-30,Thomson,1,480
2017-07-31,Thomson,1,479
2017-08-01,Thomson,0,441
2017-08-02,Thomson,0,369
2017-08-03,Thomson,4,473
2017-08-04,Thomson,4,712
2017-08-05,Thomson,4,444
2017-08-06,Thomson,9,968
2017-08-07,Thomson,14,1355
2017-08-08,Thomson,4,1233
2017-08-09,Thomson,0,1489
2017-08-10,Thomson,2,843
2017-08-11,Thomson,0,971
2017-08-12,Thomson,0,818
2017-08-13,Thomson,0,813
2017-08-14,Thomson,0,658
2017-08-15,Thomson,34,1627
2017-08-16,Thomson,8,2024
2017-08-17,Thomson,13,2223
2017-08-18,Thomson,21,2429
2017-08-19,Thomson,1,2005
2017-08-20,Thomson,0,1646
2017-08-21,Thomson,1,1254
2017-08-22,Thomson,0,1035
2017-08-23,Thomson,6,1071
2017-08-24,Thomson,0,958
2017-08-25,Thomson,0,864
2017-08-26,Thomson,13,930
2017-08-27,Thomson,1,969
2017-08-28,Thomson,0,742
2017-08-29,Thomson,0,695
2017-08-30,Thomson,2,728
2017-08-31,Thomson,0,663
2017-09-01,Thomson,0,718
2017-09-02,Thomson,0,767
2017-09-03,Thomson,13,820
2017-09-04,Thomson,4,826
2017-09-05,Thomson,14,861
2017-09-06,Thomson,2,1009
2017-09-07,Thomson,9,1508
2017-09-08,Thomson,13,2010
2017-09-09,Thomson,2,2030
2017-09-10,Thomson,0,1819
2017-09-11,Thomson,0,1535
2017-09-12,Thomson,1,1503
2017-09-13,Thomson,11,1627
2017-09-14,Thomson,3,1673
2017-09-15,Thomson,23,2140
2017-09-16,Thomson,4,2928
2017-09-17,Thomson,0,2602
2017-09-18,Thomson,4,2102
2017-09-19,Thomson,1,1743
2017-09-20,Thomson,0,1733
2017-09-21,Thomson,0,1056
2017-09-22,Thomson,0,1344
2017-09-23,Thomson,1,1225
2017-09-24,Thomson,2,1192
2017-09-25,Thomson,5,1242
2017-09-26,Thomson,0,989
2017-09-27,Thomson,0,917
2017-09-28,Thomson,0,787
2017-09-29,Thomson,4,865
2017-09-30,Thomson,2,827
2017-10-01,Thomson,0,618
2017-10-02,Thomson,0,729
2017-10-03,Thomson,0,656
2017-10-04,Thomson,0,622
2017-10-05,Thomson,9,668
2017-10-06,Thomson,1,1032
2017-10-07,Thomson,0,739
2017-10-08,Thomson,0,540
2017-10-09,Thomson,7,905
2017-10-10,Thomson,0,650
2017-10-11,Thomson,5,628
2017-10-12,Thomson,0,649
2017-10-13,Thomson,1,504
2017-10-14,Thomson,0,476
2017-10-15,Thomson,0,454
2017-10-16,Thomson,0,442
2017-10-17,Thomson,0,481
2017-10-18,Thomson,0,409
2017-10-19,Thomson,2,428
2017-10-20,Thomson,0,411
2017-10-21,Thomson,0,332
2017-10-22,Thomson,0,381
2017-10-23,Thomson,0,338
2017-10-24,Thomson,11,524
2017-10-25,Thomson,2,434
2017-10-26,Thomson,5,510
2017-10-27,Thomson,0,330
2017-10-28,Thomson,18,739
2017-10-29,Thomson,4,706
2017-10-30,Thomson,2,362
2017-10-31,Thomson,5,517
2017-11-01,Thomson,1,617
2017-11-02,Thomson,1,449
2017-11-03,Thomson,3,454
2017-11-04,Thomson,0,426
2017-11-05,Thomson,0,307
2017-11-06,Thomson,3,344
2017-11-07,Thomson,0,418
2017-11-08,Thomson,0,330
2017-11-09,Thomson,0,313
2017-11-10,Thomson,0,275
2017-11-11,Thomson,0,264
2017-11-12,Thomson,0,344
2017-11-13,Thomson,0,288
2017-11-14,Thomson,2,432
2017-11-15,Thomson,0,320
2017-11-16,Thomson,3,407
2017-11-17,Thomson,11,709
2017-11-18,Thomson,0,311
2017-11-19,Thomson,0,294
2017-11-20,Thomson,0,242
2017-11-21,Thomson,0,223
2017-11-22,Thomson,0,208
2017-11-23,Thomson,5,229
2017-11-24,Thomson,3,290
2017-11-25,Thomson,12,572
2017-11-26,Thomson,2,342
2017-11-27,Thomson,0,297
2017-11-28,Thomson,0,169
2017-11-29,Thomson,0,219
2017-11-30,Thomson,0,123
2017-12-01,Thomson,60,2081
2017-12-02,Thomson,20,2646
2017-12-03,Thomson,3,2237
2017-12-04,Thomson,1,1211
2017-12-05,Thomson,2,1003
2017-12-06,Thomson,0,857
2017-12-07,Thomson,6,860
2017-12-08,Thomson,0,761
2017-12-09,Thomson,0,526
2017-12-10,Thomson,0,508
2017-12-11,Thomson,0,458
2017-12-12,Thomson,0,458
2017-12-13,Thomson,0,358
2017-12-14,Thomson,0,390
2017-12-15,Thomson,0,308
2017-12-16,Thomson,0,289
2017-12-17,Thomson,0,303
2017-12-18,Thomson,0,320
2017-12-19,Thomson,11,393
2017-12-20,Thomson,0,458
2017-12-21,Thomson,0,276
2017-12-22,Thomson,0,254
2017-12-23,Thomson,0,135
2017-12-24,Thomson,0,255
2017-12-25,Thomson,0,228
2017-12-26,Thomson,0,237
2017-12-27,Thomson,0,107
2017-12-28,Thomson,1,379
2017-12-29,Thomson,43,1177
2017-12-30,Thomson,2,322
2017-12-31,Thomson,0,224
2017-01-01,Upper Yarra,3,136
2017-01-02,Upper Yarra,0,164
2017-01-03,Upper Yarra,0,184
2017-01-04,Upper Yarra,0,173
2017-01-05,Upper Yarra,0,181
2017-01-06,Upper Yarra,0,119
2017-01-07,Upper Yarra,0,105
2017-01-08,Upper Yarra,0,99
2017-01-09,Upper Yarra,0,94
2017-01-10,Upper Yarra,0,92
2017-01-11,Upper Yarra,0,90
2017-01-12,Upper Yarra,2,90
2017-01-13,Upper Yarra,9,446
2017-01-14,Upper Yarra,0,169
2017-01-15,Upper Yarra,0,106
2017-01-16,Upper Yarra,0,44
2017-01-17,Upper Yarra,0,175
2017-01-18,Upper Yarra,0,70
2017-01-19,Upper Yarra,21,146
2017-01-20,Upper Yarra,1,248
2017-01-21,Upper Yarra,0,231
2017-01-22,Upper Yarra,0,157
2017-01-23,Upper Yarra,3,106
2017-01-24,Upper Yarra,0,98
2017-01-25,Upper Yarra,0,87
2017-01-26,Upper Yarra,0,75
2017-01-27,Upper Yarra,0,62
2017-01-28,Upper Yarra,0,40
2017-01-29,Upper Yarra,0,33
2017-01-30,Upper Yarra,5,334
2017-01-31,Upper Yarra,0,209
2017-02-01,Upper Yarra,0,119
2017-02-02,Upper Yarra,0,77
2017-02-03,Upper Yarra,0,52
2017-02-04,Upper Yarra,6,115
2017-02-05,Upper Yarra,31,292
2017-02-06,Upper Yarra,0,351
2017-02-07,Upper Yarra,0,145
2017-02-08,Upper Yarra,0,130
2017-02-09,Upper Yarra,0,133
2017-02-10,Upper Yarra,0,71
2017-02-11,Upper Yarra,3,82
2017-02-12,Upper Yarra,2,196
2017-02-13,Upper Yarra,1,116
2017-02-14,Upper Yarra,0,186
2017-02-15,Upper Yarra,0,133
2017-02-16,Upper Yarra,0,78
2017-02-17,Upper Yarra,1,90
2017-02-18,Upper Yarra,0,92
2017-02-19,Upper Yarra,26,405
2017-02-20,Upper Yarra,4,98
2017-02-21,Upper Yarra,0,93
2017-02-22,Upper Yarra,0,47
2017-02-23,Upper Yarra,0,33
2017-02-24,Upper Yarra,0,28
2017-02-25,Upper Yarra,0,22
2017-02-26,Upper Yarra,0,25
2017-02-27,Upper Yarra,0,27
2017-02-28,Upper Yarra,0,34
2017-03-01,Upper Yarra,0,36
2017-03-02,Upper Yarra,0,31
2017-03-03,Upper Yarra,0,33
2017-03-04,Upper Yarra,0,31
2017-03-05,Upper Yarra,0,34
2017-03-06,Upper Yarra,0,34
2017-03-07,Upper Yarra,0,34
2017-03-08,Upper Yarra,0,34
2017-03-09,Upper Yarra,0,34
2017-03-10,Upper Yarra,0,35
2017-03-11,Upper Yarra,0,41
2017-03-12,Upper Yarra,0,43
2017-03-13,Upper Yarra,0,33
2017-03-14,Upper Yarra,0,42
2017-03-15,Upper Yarra,0,47
2017-03-16,Upper Yarra,0,39
2017-03-17,Upper Yarra,0,63
2017-03-18,Upper Yarra,0,58
2017-03-19,Upper Yarra,11,188
2017-03-20,Upper Yarra,8,201
2017-03-21,Upper Yarra,5,245
2017-03-22,Upper Yarra,0,242
2017-03-23,Upper Yarra,0,154
2017-03-24,Upper Yarra,0,139
2017-03-25,Upper Yarra,1,109
2017-03-26,Upper Yarra,0,76
2017-03-27,Upper Yarra,18,91
2017-03-28,Upper Yarra,0,66
2017-03-29,Upper Yarra,4,56
2017-03-30,Upper Yarra,6,61
2017-03-31,Upper Yarra,1,41
2017-04-01,Upper Yarra,0,28
2017-04-02,Upper Yarra,0,37
2017-04-03,Upper Yarra,0,41
2017-04-04,Upper Yarra,0,30
2017-04-05,Upper Yarra,0,50
2017-04-06,Upper Yarra,0,51
2017-04-07,Upper Yarra,0,33
2017-04-08,Upper Yarra,13,94
2017-04-09,Upper Yarra,17,254
2017-04-10,Upper Yarra,3,257
2017-04-11,Upper Yarra,0,283
2017-04-12,Upper Yarra,0,120
2017-04-13,Upper Yarra,0,60
2017-04-14,Upper Yarra,0,62
2017-04-15,Upper Yarra,0,38
2017-04-16,Upper Yarra,0,57
2017-04-17,Upper Yarra,0,44
2017-04-18,Upper Yarra,0,65
2017-04-19,Upper Yarra,0,40
2017-04-20,Upper Yarra,3,77
2017-04-21,Upper Yarra,5,156
2017-04-22,Upper Yarra,0,160
2017-04-23,Upper Yarra,0,69
2017-04-24,Upper Yarra,28,134
2017-04-25,Upper Yarra,18,363
2017-04-26,Upper Yarra,6,330
2017-04-27,Upper Yarra,2,190
2017-04-28,Upper Yarra,1,151
2017-04-29,Upper Yarra,0,143
2017-04-30,Upper Yarra,0,92
2017-05-01,Upper Yarra,3,152
2017-05-02,Upper Yarra,3,149
2017-05-03,Upper Yarra,0,125
2017-05-04,Upper Yarra,0,92
2017-05-05,Upper Yarra,0,67
2017-05-06,Upper Yarra,7,123
2017-05-07,Upper Yarra,6,156
2017-05-08,Upper Yarra,1,116
2017-05-09,Upper Yarra,0,97
2017-05-10,Upper Yarra,0,89
2017-05-11,Upper Yarra,0,89
2017-05-12,Upper Yarra,0,73
2017-05-13,Upper Yarra,0,82
2017-05-14,Upper Yarra,0,82
2017-05-15,Upper Yarra,0,83
2017-05-16,Upper Yarra,0,78
2017-05-17,Upper Yarra,0,77
2017-05-18,Upper Yarra,0,75
2017-05-19,Upper Yarra,1,74
2017-05-20,Upper Yarra,0,67
2017-05-21,Upper Yarra,0,82
2017-05-22,Upper Yarra,0,81
2017-05-23,Upper Yarra,1,79
2017-05-24,Upper Yarra,0,67
2017-05-25,Upper Yarra,0,51
2017-05-26,Upper Yarra,0,157
2017-05-27,Upper Yarra,21,197
2017-05-28,Upper Yarra,7,189
2017-05-29,Upper Yarra,1,185
2017-05-30,Upper Yarra,14,174
2017-05-31,Upper Yarra,1,176
2017-06-01,Upper Yarra,0,145
2017-06-02,Upper Yarra,0,140
2017-06-03,Upper Yarra,0,133
2017-06-04,Upper Yarra,0,48
2017-06-05,Upper Yarra,18,114
2017-06-06,Upper Yarra,0,171
2017-06-07,Upper Yarra,0,139
2017-06-08,Upper Yarra,5,141
2017-06-09,Upper Yarra,0,136
2017-06-10,Upper Yarra,0,120
2017-06-11,Upper Yarra,0,126
2017-06-12,Upper Yarra,1,120
2017-06-13,Upper Yarra,0,118
2017-06-14,Upper Yarra,0,86
2017-06-15,Upper Yarra,0,82
2017-06-16,Upper Yarra,0,97
2017-06-17,Upper Yarra,0,162
2017-06-18,Upper Yarra,0,104
2017-06-19,Upper Yarra,0,94
2017-06-20,Upper Yarra,0,81
2017-06-21,Upper Yarra,0,108
2017-06-22,Upper Yarra,0,90
2017-06-23,Upper Yarra,9,158
2017-06-24,Upper Yarra,1,69
2017-06-25,Upper Yarra,1,60
2017-06-26,Upper Yarra,0,56
2017-06-27,Upper Yarra,0,53
2017-06-28,Upper Yarra,1,57
2017-06-29,Upper Yarra,7,98
2017-06-30,Upper Yarra,0,86
2017-07-01,Upper Yarra,0,69
2017-07-02,Upper Yarra,0,25
2017-07-03,Upper Yarra,4,99
2017-07-04,Upper Yarra,10,110
2017-07-05,Upper Yarra,1,159
2017-07-06,Upper Yarra,0,90
2017-07-07,Upper Yarra,0,101
2017-07-08,Upper Yarra,2,93
2017-07-09,Upper Yarra,0,81
2017-07-10,Upper Yarra,5,120
2017-07-11,Upper Yarra,1,117
2017-07-12,Upper Yarra,0,59
2017-07-13,Upper Yarra,3,83
2017-07-14,Upper Yarra,3,107
2017-07-15,Upper Yarra,0,112
2017-07-16,Upper Yarra,0,78
2017-07-17,Upper Yarra,9,84
2017-07-18,Upper Yarra,4,135
2017-07-19,Upper Yarra,23,322
2017-07-20,Upper Yarra,8,429
2017-07-21,Upper Yarra,0,299
2017-07-22,Upper Yarra,0,238
2017-07-23,Upper Yarra,5,296
2017-07-24,Upper Yarra,0,242
2017-07-25,Upper Yarra,2,235
2017-07-26,Upper Yarra,4,260
2017-07-27,Upper Yarra,13,283
2017-07-28,Upper Yarra,0,333
2017-07-29,Upper Yarra,0,271
2017-07-30,Upper Yarra,14,415
2017-07-31,Upper Yarra,0,329
2017-08-01,Upper Yarra,0,294
2017-08-02,Upper Yarra,0,264
2017-08-03,Upper Yarra,5,305
2017-08-04,Upper Yarra,9,304
2017-08-05,Upper Yarra,8,349
2017-08-06,Upper Yarra,10,429
2017-08-07,Upper Yarra,11,726
2017-08-08,Upper Yarra,5,882
2017-08-09,Upper Yarra,0,824
2017-08-10,Upper Yarra,1,758
2017-08-11,Upper Yarra,2,683
2017-08-12,Upper Yarra,0,612
2017-08-13,Upper Yarra,0,496
2017-08-14,Upper Yarra,4,483
2017-08-15,Upper Yarra,44,805
2017-08-16,Upper Yarra,15,778
2017-08-17,Upper Yarra,10,935
2017-08-18,Upper Yarra,17,1145
2017-08-19,Upper Yarra,1,1159
2017-08-20,Upper Yarra,0,1026
2017-08-21,Upper Yarra,1,932
2017-08-22,Upper Yarra,0,798
2017-08-23,Upper Yarra,11,855
2017-08-24,Upper Yarra,2,772
2017-08-25,Upper Yarra,0,723
2017-08-26,Upper Yarra,16,772
2017-08-27,Upper Yarra,0,725
2017-08-28,Upper Yarra,0,697
2017-08-29,Upper Yarra,1,643
2017-08-30,Upper Yarra,0,625
2017-08-31,Upper Yarra,0,587
2017-09-01,Upper Yarra,0,540
2017-09-02,Upper Yarra,1,488
2017-09-03,Upper Yarra,17,641
2017-09-04,Upper Yarra,5,571
2017-09-05,Upper Yarra,14,632
2017-09-06,Upper Yarra,6,702
2017-09-07,Upper Yarra,14,1026
2017-09-08,Upper Yarra,4,1393
2017-09-09,Upper Yarra,0,1467
2017-09-10,Upper Yarra,0,1377
2017-09-11,Upper Yarra,4,1270
2017-09-12,Upper Yarra,2,1182
2017-09-13,Upper Yarra,10,1198
2017-09-14,Upper Yarra,3,1176
2017-09-15,Upper Yarra,20,1501
2017-09-16,Upper Yarra,1,2486
2017-09-17,Upper Yarra,0,2130
2017-09-18,Upper Yarra,9,1842
2017-09-19,Upper Yarra,1,1607
2017-09-20,Upper Yarra,0,1336
2017-09-21,Upper Yarra,0,1173
2017-09-22,Upper Yarra,0,1034
2017-09-23,Upper Yarra,4,929
2017-09-24,Upper Yarra,5,891
2017-09-25,Upper Yarra,3,863
2017-09-26,Upper Yarra,0,726
2017-09-27,Upper Yarra,0,617
2017-09-28,Upper Yarra,1,619
2017-09-29,Upper Yarra,3,551
2017-09-30,Upper Yarra,1,544
2017-10-01,Upper Yarra,0,498
2017-10-02,Upper Yarra,0,461
2017-10-03,Upper Yarra,0,440
2017-10-04,Upper Yarra,0,410
2017-10-05,Upper Yarra,9,433
2017-10-06,Upper Yarra,0,447
2017-10-07,Upper Yarra,0,345
2017-10-08,Upper Yarra,18,397
2017-10-09,Upper Yarra,0,459
2017-10-10,Upper Yarra,0,354
2017-10-11,Upper Yarra,16,442
2017-10-12,Upper Yarra,0,372
2017-10-13,Upper Yarra,0,347
2017-10-14,Upper Yarra,0,317
2017-10-15,Upper Yarra,0,236
2017-10-16,Upper Yarra,0,97
2017-10-17,Upper Yarra,0,93
2017-10-18,Upper Yarra,0,128
2017-10-19,Upper Yarra,7,145
2017-10-20,Upper Yarra,0,121
2017-10-21,Upper Yarra,1,123
2017-10-22,Upper Yarra,0,128
2017-10-23,Upper Yarra,0,128
2017-10-24,Upper Yarra,11,187
2017-10-25,Upper Yarra,0,219
2017-10-26,Upper Yarra,0,231
2017-10-27,Upper Yarra,1,204
2017-10-28,Upper Yarra,4,279
2017-10-29,Upper Yarra,5,259
2017-10-30,Upper Yarra,13,296
2017-10-31,Upper Yarra,4,274
2017-11-01,Upper Yarra,7,286
2017-11-02,Upper Yarra,3,268
2017-11-03,Upper Yarra,1,318
2017-11-04,Upper Yarra,0,267
2017-11-05,Upper Yarra,0,221
2017-11-06,Upper Yarra,2,233
2017-11-07,Upper Yarra,0,238
2017-11-08,Upper Yarra,0,212
2017-11-09,Upper Yarra,0,206
2017-11-10,Upper Yarra,0,201
2017-11-11,Upper Yarra,0,187
2017-11-12,Upper Yarra,0,184
2017-11-13,Upper Yarra,0,176
2017-11-14,Upper Yarra,0,227
2017-11-15,Upper Yarra,3,142
2017-11-16,Upper Yarra,4,236
2017-11-17,Upper Yarra,0,188
2017-11-18,Upper Yarra,2,189
2017-11-19,Upper Yarra,0,155
2017-11-20,Upper Yarra,0,146
2017-11-21,Upper Yarra,0,87
2017-11-22,Upper Yarra,0,70
2017-11-23,Upper Yarra,0,239
2017-11-24,Upper Yarra,14,175
2017-11-25,Upper Yarra,6,208
2017-11-26,Upper Yarra,2,198
2017-11-27,Upper Yarra,0,190
2017-11-28,Upper Yarra,0,133
2017-11-29,Upper Yarra,0,107
2017-11-30,Upper Yarra,1,117
2017-12-01,Upper Yarra,92,804
2017-12-02,Upper Yarra,36,1136
2017-12-03,Upper Yarra,4,1192
2017-12-04,Upper Yarra,0,851
2017-12-05,Upper Yarra,0,663
2017-12-06,Upper Yarra,0,601
2017-12-07,Upper Yarra,13,604
2017-12-08,Upper Yarra,0,571
2017-12-09,Upper Yarra,0,472
2017-12-10,Upper Yarra,0,432
2017-12-11,Upper Yarra,0,411
2017-12-12,Upper Yarra,0,402
2017-12-13,Upper Yarra,0,363
2017-12-14,Upper Yarra,0,332
2017-12-15,Upper Yarra,0,308
2017-12-16,Upper Yarra,0,299
2017-12-17,Upper Yarra,0,288
2017-12-18,Upper Yarra,0,202
2017-12-19,Upper Yarra,7,276
2017-12-20,Upper Yarra,0,222
2017-12-21,Upper Yarra,0,185
2017-12-22,Upper Yarra,0,186
2017-12-23,Upper Yarra,1,147
2017-12-24,Upper Yarra,0,153
2017-12-25,Upper Yarra,0,143
2017-12-26,Upper Yarra,0,142
2017-12-27,Upper Yarra,0,107
2017-12-28,Upper Yarra,1,144
2017-12-29,Upper Yarra,34,451
2017-12-30,Upper Yarra,1,188
2017-12-31,Upper Yarra,0,123
